Threads,Time,Speedup,Efficiency
1,0.984225,1,1
2,0.675794,1.4564,0.728199
4,1.10628,0.88967,0.222418
8,1.07801,0.913002,0.114125
