dt,Error
0.1,0.4905
0.05,0.24525
0.01,0.04905
0.005,0.024525
0.001,0.004905
0.0005,0.0024525
0.0001,0.0004905
